6C01,205,PHE,THR,LYS
6P3Q,81,CYS,ASN,TRP
6P3Q,252,HIS,ALA,GLY
6P3Q,284,ASN,ARG,PRO
1LCY,198,SER,PHE,ALA
1LCY,228,ILE,TYR,ARG
1LCY,306,GLN,VAL,ALA
2YDQ,175,TYR,ASP,THR
1OHC,314,CYS,HIS,LYS
2JSD,227,HIS,GLU,PHE
2C46,126,HIS,CYS,THR
4JMJ,152,ILE,GLU,ALA
4JMJ,158,CYS,ARG,ARG
1R6H,72,TRP,PRO,PHE
1R6H,104,LEU,ALA,VAL,VAL,VAL
6R99,117,PRO,ASP,TYR
6R99,231,LEU,VAL,GLN
2QS9,75,SER,HIS,SER
2QS9,138,ASP,ASP,PRO
2QS9,165,HIS,PHE,GLY
1RKP,613,HIS,TYR,ASN
8EM2,267,HIS,LEU,ASN
4CYF,79,PRO,GLU,ASP
4CYF,178,HIS,LYS,GLN
1OGS,274,HIS,HIS,ASN
1OGS,379,THR,ASP,TRP
4X96,205,GLY,ASP,PHE
4X96,369,LEU,LEU,HIS
2GJX,323,ASP,GLU,VAL
1ZCM,115,CYS,ASP,TRP
1ZCM,272,ALA,GLY,HIS
1ZCM,296,ARG,ASN,PRO
1CK7,404,ALA,PHE,HIS
1WOJ,251,ASP,GLN,GLN
1WOJ,330,LEU,GLU,ILE
6CZK,141,LEU,SER,LEU
6CZK,281,SER,TRP,GLY
6CZK,301,GLY,LEU,CYS
2ETL,90,CYS,GLY,SER
2ETL,161,HIS,PHE,PHE
1IVY,178,GLY,ASN,GLY
1IVY,400,LEU,LYS,VAL
1AKZ,154,HIS,ALA,GLY
2G47,111,CYS,GLN,HIS
1UCH,95,ALA,CYS,GLY
1UCH,169,HIS,PHE,LEU
1FSU,147,LEU,HIS,TRP
3H53,156,ASP,LEU,GLY
3H53,217,ILE,ASP,ASP
1F6W,214,ARG,ARG,ILE
1F6W,340,THR,GLU,VAL
1F6W,455,PRO,ARG,GLN
1KV3,277,CYS,GLN,TRP
1KV3,335,HIS,PHE,CYS
1KV3,358,ASP,PRO,LEU
1B41,234,ASN,GLY,PRO
1B41,365,VAL,GLY,ARG
1B41,478,ARG,TYR,MET
5FQL,138,HIS,PHE,PRO
1XWW,13,CYS,LEU,GLY
1XWW,19,SER,ARG,PRO
1XWW,130,ASP,PRO,TYR
1BIX,171,TYR,ALA,VAL
1BIX,210,ASP,GLY,LEU
1BIX,309,ASP,HIS,THR,CYS
6APX,258,PHE,VAL,PRO
2OJX,377,MET,ASP,LEU
2M65,72,GLU,ALA,LEU
1MQ0,67,ARG,GLU,ALA
2W4L,86,GLU,ALA,LEU
2X36,855,SER,ALA,PRO
2X36,898,LYS,THR,GLU
6V7N,174,LYS,MET,ILE
6V7N,374,MET,ARG,LEU
1EUB,223,GLU,PHE,HIS
1MZA,67,LEU,VAL,VAL
1MZA,116,LYS,HIS,ASN
1MZA,214,SER,VAL,GLY
3GRO,115,SER,PHE,GLN
3GRO,233,ASP,ASN,SER
3GRO,289,ASP,HIS,LEU
1RM8,247,GLU,HIS,LEU
3IKM,198,VAL,ASP,PHE
2E4H,254,ASP,GLY,ASN
1TAZ,223,TYR,HIS,ASN
6DXW,126,ALA,PHE,THR
1YBW,447,HIS,CYS,ALA
1YBW,497,ASP,HIS,LEU
1YBW,598,ASP,SER,GLY
1AUI,151,HIS,GLU,ASN
3L5K,14,ASP,PHE,MET
3L5K,16,MET,ASP,GLY
2PE4,131,GLU,TRP,ALA
4ZG6,210,LYS,THR,PHE
1CB5,73,TRP,CYS,ARG
1CB5,372,HIS,THR,ALA
1CB5,396,GLU,ASN,SER
1FPZ,140,TYR,SER,HIS
3U0V,124,PHE,SER,MET
3U0V,179,GLU,ASP,ALA
3U0V,211,GLU,HIS,TYR
3EBQ,38,HIS,THR,TRP
3EBQ,108,CYS,ASN,ASN
4UYU,232,SER,SER,SER,ALA
4UYU,340,ASP,GLU,PHE
4UYU,389,HIS,GLU,SER
7W3R,1903,TYR,THR,CYS
7W3R,2164,GLY,TYR,HIS
2NT2,392,SER,HIS,LYS
2OCG,139,ILE,TYR,HIS
2OCG,244,LYS,GLY,SER
2OCG,272,PHE,LEU,ASP
3S4E,150,SER,HIS,ASN
3C0Y,670,HIS,ALA,HIS
5KO9,2,CYS,GLY
5KO9,127,TRP,GLU,TYR
4RUH,101,VAL,ASP,LEU
4RUH,166,GLU,MET,GLU
5ZYT,238,CYS,ASP,LEU
5ZYT,251,ILE,ASP,TRP
5ZYT,253,TRP,LYS,THR
7OTS,148,ALA,THR,MET
7OTS,278,GLN,ASP,GLN
7OTS,306,GLY,HIS,SER
4U04,363,PRO,HIS,ILE
2IMG,95,HIS,CYS,ALA
8SL1,734,LEU,TRP,THR
5IY4,112,ASP,VAL,SER
2CN1,88,ASP,PRO,VAL
2CN1,90,LEU,THR,VAL
2HKY,43,PHE,THR,LEU
6FTQ,119,GLU,GLN,ALA
6FTQ,196,LYS,ASN,ARG
1X51,131,HIS,PHE,THR
4P8Q,465,HIS,GLU,LEU
5VEM,72,THR,LYS,TYR
2YHW,517,ASN,ASP,GLY
6WG5,222,GLY,GLU,GLN
4A1N,140,HIS,MET,GLY
6J7Y,194,HIS,ARG
2EWY,110,VAL,PHE,THR,SER
2EWY,303,ASN,ASP,GLU
2QQ2,255,HIS,CYS,ARG
1Q3X,483,ALA,ALA,HIS
1Q3X,532,ASP,ASN,ILE
1Q3X,633,SER,ASP,GLY
2Q5E,107,ILE,ASP,LEU
2Q5E,109,LEU,ASP,GLU
3EDY,272,GLU,ILE,ALA
3EDY,276,ASP,LEU,VAL
3EDY,475,SER,THR,ALA
2HHL,112,ARG,ARG,ALA
2HHL,114,LEU,PHE,ARG
7MEQ,296,ALA,HIS,CYS
7MEQ,345,ASP,ASN,ILE
7MEQ,441,SER,GLY,ASP
6SO5,74,THR,PRO,ASP
1FH0,138,ALA,GLY,ASP
5K16,48,CYS,TYR,THR
5K16,317,HIS,GLY,TYR
2HD5,276,PRO,SER,SER
2P5X,88,ASP,ALA,THR
3IAR,217,GLU,VAL,GLY
1HLG,172,ARG,ILE,LYS
1HLG,343,ILE,TYR,LEU
1HLG,372,SER,VAL,MET
1B0F,70,GLY,ALA,HIS
1B0F,117,ALA,VAL,ASN
1B3D,219,TYR,MET,LEU
1YGR,853,ILE,LYS,VAL,ASN
1YGR,1169,VAL,VAL,GLU
1P49,136,HIS,TRP,LEU
1MMP,215,ALA,TYR,ALA
1FLH,94,GLY,ILE,SER
1FLH,277,GLN,LEU,SER
1C8Q,212,ASP,LYS,LEU
1C8Q,248,TYR,GLY,PHE
5KZW,518,ASP,ILE,MET
5KZW,521,GLU,ASN,PRO
1LAR,1548,THR,VAL,ASP
1LAR,1839,VAL,VAL,ASP
1A4I,56,LEU,LYS,VAL
1O86,391,PHE,MET,TYR
1O86,520,TYR,ILE,PRO
1UWY,281,ASN,ASN,TRP
1AUK,125,HIS,LEU,TRP
1K6M,131,ASP,ALA,THR
1K6M,161,CYS,ASP,ASN
1K6M,259,HIS,GLU,GLY
1K6M,328,ILE,ASP,GLU
4OR9,160,HIS,GLU,ASN
1KLT,66,VAL,THR,THR
1KLT,110,GLU,LYS,LYS
4AWN,100,GLY,CYS,ASP
4AWN,156,LYS,GLU,GLN
4BY3,1686,HIS,SER,ASP
1YH3,119,CYS,PRO,ASN
1YH3,201,CYS,ALA,ASP
1BMQ,237,HIS,SER,GLY
1BMQ,285,CYS,ARG,ALA
1CWR,487,PHE,ILE,ARG
1P4R,137,LYS,ALA,ASN
1P4R,267,HIS,LYS,VAL
1ZC0,291,LYS,ALA,LEU
3W81,182,GLU,PRO,ASN
3W81,299,GLU,ALA,ASP
1ATK,139,LEU,SER,THR
2PA5,515,CYS,HIS,SER
1NE7,72,ASP,GLU,MET
1NE7,141,ASP,PRO,GLY
1NE7,143,GLY,HIS,ILE
1NE7,148,PRO,GLU,ASN
6KMZ,210,SER,HIS,GLY
6KMZ,258,ALA,ARG,ALA
2KR6,385,ASP,PHE,GLY
2QXG,70,GLY,SER,ASP
2QXG,112,GLN,ALA,ARG
3JWQ,562,ASP,SER,PHE
2AYN,114,TYR,MET,CYS
2AYN,435,TYR,HIS,VAL
1FKN,93,VAL,THR,ASN
1FKN,289,GLY,MET,GLU
1BKC,406,GLU,HIS,LEU
1ZY7,396,GLU,ILE,ALA
1F0J,406,TRP,THR,GLN
2QYM,388,ASP,ILE,MET
8D43,542,ASP,ASN,MET
8D43,618,ASP,ASN,GLY
3DFJ,85,HIS,CYS,ALA
3DFJ,134,ASP,ILE,GLY
3DFJ,238,ASP,SER,GLY
2G6Z,263,SER,GLU,HIS
4L3T,107,LEU,HIS,GLN
4L3T,180,GLN,GLU,GLY
4BOU,73,ASP,GLY,GLY
4BOU,76,CYS,ASN,LEU
4BOU,182,TYR,HIS,GLU
5XJV,129,SER,HIS,VAL
5OHK,77,CYS,THR,PHE
5OHK,452,GLY,HIS,PHE
3TKJ,168,ALA,VAL,GLY
6EOQ,730,SER,TYR,TRP
6EOQ,808,ASP,GLU,LEU
6EOQ,840,HIS,ARG,SER
8Q1K,201,THR,HIS,LEU
8Q1K,203,LYS,THR,PHE
8Q1K,208,ASP,VAL,GLN
5VXC,320,MET,ASP,ILE
6Z49,266,PRO,CYS,PRO
6Z49,448,HIS,PHE,ASN
4X90,198,TRP,GLY,GLY
4X90,360,GLU,HIS,ILE
3MCF,68,GLU,TYR,GLU
6PGV,24,CYS,LEU,ALA
6PGV,125,HIS,TRP,ARG
2I7D,10,MET,ASP,VAL
2I7D,12,ASP,GLY,MET
5EPP,144,PRO,ARG,TYR
2P82,77,GLY,CYS,MET
2P82,279,ASP,LEU,PRO
2P82,281,PRO,THR,HIS
1GVL,106,ARG,LEU,LEU
1GVL,197,GLY,PRO,GLY
7ZEE,41,ASP,SER,PHE
7ZEE,43,ASP,MET,PHE
6EI1,360,GLY,CYS,GLY
6EI1,491,HIS,SER,GLY
6EI1,512,ASP,LEU,PRO
2ZFY,88,ASP,GLY,PRO
2ZFY,91,ASN,CYS,PHE
2ZFY,265,TYR,HIS,GLY
3D66,385,ARG,GLU,ALA
1XT9,102,TRP,HIS,THR
1XT9,119,TYR,ASP,SER
1XT9,163,ASP,CYS,GLY
6WQX,162,LEU,ASP,LEU
4R3O,44,ARG,LYS,GLY
4H4F,74,GLU,LEU,VAL
4H4F,121,ALA,CYS,VAL
4H4F,216,SER,GLY,PHE
2HXP,290,SER,HIS,LEU
1R42,375,GLU,HIS,MET
1R42,505,HIS,PHE,VAL
2A8I,234,THR,ASP,VAL
1TGZ,478,TRP,HIS,VAL
1TGZ,495,LEU,ASP,SER
1TGZ,548,GLY,ASP,CYS
7XC0,1020,SER,HIS,SER
4JOB,59,HIS,ARG,GLY
4JOB,335,ASP,HIS,VAL
3DCY,11,HIS,ARG,GLY
3DCY,89,GLU,ARG,ARG
1JY1,263,HIS,HIS,THR
1JY1,493,PRO,HIS,ILE
3FVY,451,HIS,GLU,LEU
2YD0,354,GLU,HIS,LEU
3LGD,359,GLY,HIS,PHE
3LGD,384,PRO,ILE,SER
1T3G,491,PHE,GLU,LEU
3JYH,162,GLY,SER,TYR
3JYH,418,LEU,ASP,PRO
3JYH,443,ALA,HIS,HIS
1WD8,350,ASP,GLN,GLU
1WD8,471,VAL,HIS,GLY
1WD8,473,VAL,ASP,GLU
1WD8,645,CYS,GLY
2RJQ,411,GLU,HIS,ILE
2P6X,227,SER,CYS,HIS
2PSX,108,ASN,LEU,LYS
2PSX,153,PRO,LYS,VAL
2PSX,245,ASN,ALA,SER
3FEC,414,ALA,GLU,GLU
3FEC,618,SER,VAL,PHE
3FEC,656,ASP,GLN,ASN
3FEC,679,ARG,HIS,ILE
3GEB,274,ASP,TRP,LEU
3GEB,276,LEU,ASP,GLU
2OOQ,1084,GLY,LEU,LEU
5LPE,86,THR,THR,ARG
5LPE,137,GLN,CYS,VAL
5LPE,229,THR,GLN,TYR
2QLY,529,THR,PHE,ALA
2QLY,532,SER,GLY,GLY
3ECM,556,HIS,TYR,ASN
5HTK,128,ASP,PHE,ALA
5HTK,158,CYS,VAL,ASP
5HTK,326,ASN,GLU,ILE
1FJ2,119,ALA,LEU,SER
1FJ2,174,MET,LEU,PRO
1FJ2,208,GLN,GLU,GLN
2JAI,173,LEU,HIS,LYS
2JAI,274,CYS,SER,CYS
1BIO,66,LEU,GLN,VAL
1BIO,114,LEU,GLY,THR
1BIO,208,VAL,LEU,GLY
1EW2,114,ALA,SER,ALA
2I6Q,507,GLN,SER,LYS
2I6Q,561,LEU,CYS,ILE
2I6Q,679,GLY,TRP,SER
6E7K,159,SER,TYR,LEU
6E7K,183,LEU,ASP,PRO
6E7K,268,GLU,HIS,SER
1SPJ,65,TYR,GLN,LEU
1SPJ,120,VAL,VAL,LYS
1SPJ,214,SER,TRP,THR
1LYA,97,CYS,GLN
1CJL,138,ALA,GLY,ASP
1BHG,451,GLU,PRO,ASN
1AU8,64,ASN,ILE,ASN
1AU8,108,SER,LEU,GLN
1AU8,201,LEU,ASN,CYS
1DMT,585,GLU,THR,ILE
1DMT,651,ASN,GLY,ASP
1Q3A,218,HIS,GLU,LEU
4OMC,153,ASP,LEU,ASP
4OMC,194,HIS,ARG,GLY
4OMC,368,SER,THR,ALA
1FQ3,64,SER,ILE,ASN
1FQ3,108,LEU,GLN,GLU
1FQ3,203,ASN,LYS,VAL
1OP8,69,GLY,LEU,ALA
1OP8,114,ILE,ASN,LYS
1OP8,212,VAL,GLY,THR
1DYT,42,THR,PHE,ASN
1GKC,402,GLU,PHE,HIS
1GPL,169,LEU,VAL,GLY
1GPL,193,PRO,SER,ASP
1GPL,280,LEU,PHE,GLY
6UZT,442,THR,GLY,PHE
6UZT,732,GLY,PHE,THR
4NFE,65,VAL,GLN,SER
4NFE,120,LYS,VAL,LEU
4NFE,213,THR,ILE,SER
2AHS,1904,SER,CYS,HIS
1J2E,630,TRP,SER,TYR
1J2E,708,ASP,ASP,ALA
1J2E,740,GLY,HIS,ASP,ASP
1C25,431,CYS,GLU,PHE
1S8O,335,ASP,TRP,HIS,THR
1S8O,466,ARG,TYR,TRP
1S8O,524,HIS,TRP,GLY
2I3C,178,GLU,ILE,VAL
7U0T,147,ILE,SER,ARG
3T1I,129,HIS,ASP,ASN
2ZGC,66,PHE,THR,HIS
2ZGC,111,GLN,ARG,LYS
2ZGC,207,THR,ILE,ASP
2OXE,171,SER,HIS,LEU
2OXE,195,ASP,PRO,LEU
2OXE,282,HIS,ASN,LEU
1JXQ,237,SER,HIS,GLY
1JXQ,287,GLY,GLU,GLY
1D5R,124,CYS,LYS,HIS
5CVM,44,CYS,TYR,THR
5CVM,313,HIS,GLY,TYR
7RDS,220,MET,LYS,PRO
7ULW,164,ILE,SER,ALA
1M3G,257,SER,GLN,HIS,SER
2SHP,459,SER,CYS,HIS
2CFV,1239,SER,CYS,HIS
5K22,69,ASP,GLY,ASP
5K22,101,VAL,CYS,HIS
3D59,273,SER,PHE,HIS
3D59,296,ALA,ASP,LEU
3D59,351,VAL,HIS,GLN
2Y6E,881,GLY,HIS,TYR
3EZZ,280,SER,GLN,HIS
4JMK,246,SER,HIS,LEU
2FH7,1589,CYS,HIS,SER
2FH7,1880,CYS,HIS,SER
7EG0,752,HIS,ASN,TYR
2A8B,588,HIS,CYS,SER
2BZL,1121,CYS,HIS,SER
1TG6,153,ALA,TYR,ILE
1TG6,178,GLU,MET,ALA
5Y15,103,TYR,SER,LYS
7OBM,559,SER,PHE,ALA
7OBM,645,ASN,ASP,GLU
7OBM,690,VAL,HIS,ASN
7QQF,463,ASP,PHE,ALA
7QQF,466,GLU,GLY,VAL
7QQF,528,ASP,LEU,TYR
5W45,56,ALA,ALA,ILE
3SE6,371,GLU,HIS,LEU
6O0Q,642,ILE,LYS,GLU
5TCD,75,THR,SER,MET
4Q7X,74,LEU,SER,THR
4Q7X,122,LEU,ARG,LEU
4Q7X,218,LEU,GLY,TRP
6J4U,169,LYS,CYS,LEU
6J4U,204,ILE,ARG,HIS
6J4U,221,SER,ARG,MET
3DH1,73,MET,GLU,ALA
8OQH,133,PRO,CYS,CYS
4A0D,737,VAL,ASP,PHE
4A0D,755,GLN,GLU,GLU
4A0D,756,GLU,GLU,ILE
3NR1,65,ASP,GLU,VAL
3NR1,66,ASP,THR,GLU
5JKN,137,CYS,PRO,PRO
5JKN,319,HIS,PHE,ASN
3K2I,232,ILE,SER,LEU
3K2I,326,ASP,ASP,HIS
3K2I,360,TYR,GLY,HIS
7VPW,91,ILE,LYS,PHE
7VPW,169,LEU,ARG,ASP
3MAX,142,GLY,GLY,ALA
4X09,38,HIS,LYS,CYS
1RXD,72,GLY,ALA
1RXD,104,VAL,ALA,CYS
1ST0,277,ASN,LEU,VAL
4Y7I,338,HIS,SER,SER
3PFY,221,ASP,GLY,GLU
3PFY,224,CYS,LEU,ALA
3PFY,334,VAL,VAL,ASN
2CFR,25,ASP,CYS,PHE
2CFR,27,GLY,ASP,CYS
1J42,106,CYS,ALA,ILE
1J42,126,HIS,PRO,THR
2OC3,229,HIS,CYS,SER
4OTP,324,LEU,ASP,ALA
4INC,149,LEU,HIS,ILE
1R54,346,GLU,HIS,ILE
2E9L,165,GLU,ASN,ALA
2E9L,373,GLU,ASN,THR
1MH9,41,ASP,MET,VAL
1MH9,43,GLY,ASP,MET
3VM8,68,GLU,ARG,ALA
7TQN,195,THR,HIS,SER
4XJV,101,SER,MET,HIS
4XJV,237,HIS,GLY,PHE
5WZM,65,LEU,TYR,LYS
5WZM,109,ALA,HIS,TYR
5TXK,450,SER,TYR,THR
5TXK,862,HIS,GLY,TYR
2JIH,402,GLU,HIS,LEU
2Y5B,221,PHE,CYS,THR
2Y5B,518,HIS,TYR,GLY
2I7T,396,ALA,HIS,THR
1FMI,330,PHE,GLU,SER
1FMI,463,ASP,SER,ALA
1FMI,570,PRO,ILE,GLU
1FMI,599,THR,GLU,PRO
2OQ5,232,THR,ALA,VAL
5HP5,645,CYS,HIS,GLY
1SNT,334,ALA,TYR,SER
1SNT,355,GLU,ALA,TYR
2CY7,74,MET,CYS,GLY
2CY7,278,PRO,ASP,LEU
2CY7,280,HIS,PRO,THR
2BDG,71,HIS,LEU,SER
2BDG,116,ASP,SER,THR
4LQY,70,PHE,THR,LYS
1VYB,115,TYR,ALA,ILE
1VYB,145,ASP,GLY,PHE
1EBM,249,THR,GLN,VAL
5MS3,73,SER,LEU,GLN
5MS3,120,PRO,ILE,LYS
5MS3,212,ILE,GLY,THR
2RJP,362,GLN,LEU,HIS
2YPT,336,HIS,ALA,LEU
6DO5,90,SER,PRO,MET
4R30,266,HIS,SER,ASN
5INO,262,ASP,THR,GLY
1B0L,92,TYR,TYR,HIS
1B0L,278,PHE,GLY,LYS
1B2Y,212,ASP,LEU,LYS
1B2Y,248,TYR,PHE,GLY
2XRC,429,PRO,ARG,LEU
2XRC,525,VAL,VAL,GLY
1FXY,63,PHE,ARG,LYS
1FXY,107,LEU,ARG,LEU
1FXY,200,VAL,CYS,VAL
1NOU,355,GLU,ASP,VAL
1ELV,475,SER,THR,SER
1ELV,529,THR,VAL,PRO
1ELV,632,PHE,LYS,TYR
3FCX,149,HIS,SER,MET
3FCX,226,GLN,ASP,ASP
3FCX,260,HIS,SER,ASP
1TZS,96,GLY,ALA,ILE
1TZS,281,SER,LEU,THR
3THC,188,GLU,THR,ASN,TYR
3THC,268,GLU,SER,PHE
1AVF,91,VAL,THR,GLN
1AVF,276,SER,TYR,ILE
1A0L,74,TYR,LEU,TYR
1A0L,121,THR,VAL,THR
1A0L,224,ASN,ARG,PRO
2JJD,335,CYS,SER,HIS
2JJD,630,CYS,SER,HIS
1FUJ,71,HOH,ALA,HIS,ASN
1FUJ,118,ALA,VAL,SER
1GLO,139,ASP,ALA,VAL
2B49,842,HIS,CYS,SER
6AVO,21,SER,ALA,VAL
4R3O,35,GLN,GLY,GLY
4R3O,60,LEU,LYS,LEU
1RNF,40,LYS,CYS,ARG
1H4W,120,THR,ILE,SER
1H4W,164,THR,GLN,LEU
1IT6,125,GLU,HIS,ASN
1CP3,121,GLY,HIS,SER
1CP3,163,ARG,CYS,ALA
4C2J,382,CYS,ILE,ALA
1FHI,96,HIS,VAL,VAL
7Y5X,263,ASN,ILE,PRO
7Y5X,366,LEU,GLY,GLN
1J4X,124,ARG,SER,HIS
1NST,614,GLN,LYS,THR
8SW0,353,HIS,GLU,LEU
133L,53,ASP,THR,TYR
133L,71,PRO,THR,GLY
3E7A,125,HIS,GLU,ASN
7P2P,56,SER,MET,GLY
7P2P,96,VAL,HIS,ARG
7P2P,122,ASP,ARG,ASP
1L8L,20,ASP,VAL,PHE
1L8L,22,ASP,SER,VAL
1Q7L,82,ASP,VAL,THR
1Q7L,147,GLU,ASP,GLU
7UFG,563,CYS,ASP,THR
1SO2,737,TYR,HIS,ASN
7KIU,100,LYS,GLU,GLN
7KIU,155,HIS,THR,LEU
1LW3,417,SER,SER,HIS
1ZKL,212,HIS,ASN,TYR
7NJ0,2029,SER,SER,GLY
2C7S,1082,HIS,VAL,CYS
3G4E,204,ASP,GLY,PRO
1LTO,74,LEU,TYR,TYR
1LTO,121,VAL,MET,THR
1LTO,224,ASN,ARG,PRO
2AXN,125,ASP,ALA,THR
2AXN,155,ASP,CYS,ASP
2AXN,254,HIS,GLU,GLY
2AXN,323,ILE,GLU,ASP
2Y96,147,HIS,CYS,VAL
6EOO,755,SER,TRP,TYR
6EOO,833,ASP,GLU,LEU
6EOO,865,HIS,ARG,SER
5JCO,254,GLU,PHE,THR
1W0H,136,PHE,ALA,GLU
1W0H,293,HIS,PRO,CYS
5MRV,310,GLU,THR,CYS
2P4E,186,ASP,LEU,THR
2P4E,226,HIS,GLY,SER
2P4E,386,GLN,SER,THR
3S8I,260,VAL,ASP,SER
2QEP,945,CYS,HIS,SER
1NB8,223,CYS,THR,TYR
1NB8,464,GLY,TYR,HIS
3DLJ,134,TYR,GLY,ARG
3DLJ,199,ILE,VAL,ILE
3NGN,410,ASP,LEU,ALA
2E0T,152,CYS,HIS,ALA
1T9Z,96,ASP,LEU,ILE
1T9Z,98,ASP,GLU,LEU
5JJ4,58,ASP,PRO,ILE
7FD3,488,GLU,LEU,PHE
5UVG,639,HIS,ASP,LEU
5LTU,69,TYR,GLU,GLU
8BS3,131,THR,CYS,PHE
8BS3,382,TYR,HIS,GLY
3ZRH,443,CYS,ASP,LEU
3ZRH,585,GLY,HIS,PHE
2LKT,23,GLU,HIS,TRP
2LKT,35,LEU,HIS,ILE
2LKT,113,CYS,GLU,ASN
7AX1,412,ALA,ASP,LEU
1PJA,111,TYR,SER,GLN
1PJA,228,ASP,ASP,GLY
1PJA,283,HIS,SER,THR
4JNB,115,SER,HIS,HIS
2YF0,336,SER,CYS,HIS
2EEE,84,ALA,ARG,SER
2EEE,125,GLN,LEU,TRP
3C5V,156,SER,HIS,MET
3C5V,181,ASP,ILE,VAL
3C5V,349,ALA,HIS,GLY
1Z1L,656,HIS,TYR,ASN
6BDZ,384,GLU,VAL,HIS
1ZIV,97,ASP,CYS,TRP
1ZIV,254,HIS,ALA,GLY
1ZIV,278,ASN,ARG,PRO
4A69,135,ALA,HIS,HIS
1LE6,88,CYS,LYS,LEU
8J2F,272,ASP,HIS,GLU
2HD1,312,ALA,VAL,LEU
2WGP,111,CYS,ALA,HIS
5SYN,122,SER,GLN,PHE
5SYN,176,ASP,LEU,PRO
5SYN,210,SER,MET,HIS
2WEF,51,ASP,ALA,ARG
2WEF,122,THR,GLY,LYS
2FVV,69,CYS,GLU,GLU
1BBS,104,VAL,THR,GLU
1BBS,292,ILE,PRO,PRO
1A4Y,37,CYS,ASP,GLY
1A4Y,138,ASP,PRO,LEU
3ELO,70,THR,TYR,HIS
3ELO,121,LYS,LYS,THR
7YIV,110,ASP,SER,ALA
1P0I,226,SER,GLY,PHE
1P0I,353,GLY,GLU,LEU
1P0I,466,ARG,SER,ILE
1R46,170,ASP,PHE,GLY
1R46,231,ASP,ILE,ALA
1GW6,297,GLU,ILE,SER
1GW6,384,GLU,TYR,LYS
3LPO,505,LEU,MET,LYS
3LPO,604,PHE,VAL,GLY
1AYP,67,LYS,TYR,PHE
1AYP,111,TYR,TYR,GLN
4FYQ,389,GLU,HIS,LEU
2NSM,308,LYS,GLU,ASN
1L8K,216,SER,CYS,HIS
3TJU,64,SER,SER,ILE
3TJU,108,LEU,GLN,LEU
3TJU,202,VAL,CYS,LEU
1A85,218,ASN,TYR,PRO
2H4V,1060,CYS,SER,HIS
